{"cameraMode":{"drawMode":0,"name":"Shaded","section":"Shading Mode"},"sceneLighting":false,"audioPlay":false,"sceneViewState":{"showFog":true,"showMaterialUpdate":false,"showSkybox":false,"showFlares":true,"showImageEffects":true,"showParticleSystems":true},"in2DMode":false,"pivot":{"x":1.7881393432617188e-7,"y":14.970000267028809,"z":0.0},"rotation":{"x":-0.04739269241690636,"y":0.0035754465498030187,"z":-0.0001700948632787913,"w":-0.9988699555397034},"size":2.847872734069824,"orthographic":false}