{"cameraMode":{"drawMode":0,"name":"Shaded","section":"Shading Mode"},"sceneLighting":false,"audioPlay":false,"sceneViewState":{"showFog":true,"showMaterialUpdate":false,"showSkybox":false,"showFlares":true,"showImageEffects":true,"showParticleSystems":true},"in2DMode":false,"pivot":{"x":0.21928876638412476,"y":4.587840557098389,"z":0.43792009353637698},"rotation":{"x":-0.04739269241690636,"y":0.0035754465498030187,"z":-0.0001700948632787913,"w":-0.9988699555397034},"size":8.228447914123536,"orthographic":false}