{"cameraMode":{"drawMode":0,"name":"Shaded","section":"Shading Mode"},"sceneLighting":false,"audioPlay":false,"sceneViewState":{"showFog":true,"showMaterialUpdate":false,"showSkybox":false,"showFlares":true,"showImageEffects":true,"showParticleSystems":true},"in2DMode":false,"pivot":{"x":-0.10553646087646485,"y":5.129874229431152,"z":0.12746906280517579},"rotation":{"x":-0.04739269241690636,"y":0.0035754465498030187,"z":-0.0001700948632787913,"w":-0.9988699555397034},"size":24.371150970458986,"orthographic":false}