{"cameraMode":{"drawMode":0,"name":"Shaded","section":"Shading Mode"},"sceneLighting":false,"audioPlay":false,"sceneViewState":{"showFog":true,"showMaterialUpdate":false,"showSkybox":false,"showFlares":true,"showImageEffects":true,"showParticleSystems":true},"in2DMode":false,"pivot":{"x":0.0,"y":0.08559367805719376,"z":2.890000104904175},"rotation":{"x":-0.01079144049435854,"y":-0.3862520456314087,"z":-0.0045193713158369068,"w":0.9223191142082214},"size":2.6877996921539308,"orthographic":false}