{"cameraMode":{"drawMode":0,"name":"Shaded","section":"Shading Mode"},"sceneLighting":false,"audioPlay":false,"sceneViewState":{"showFog":true,"showMaterialUpdate":false,"showSkybox":false,"showFlares":true,"showImageEffects":true,"showParticleSystems":true},"in2DMode":false,"pivot":{"x":-8.940696716308594e-8,"y":1.0734233856201172,"z":0.3049274682998657},"rotation":{"x":-0.35893771052360537,"y":0.615523099899292,"z":-0.37098178267478945,"w":-0.5955398082733154},"size":5.973341464996338,"orthographic":false}