{"cameraMode":{"drawMode":0,"name":"Shaded","section":"Shading Mode"},"sceneLighting":false,"audioPlay":false,"sceneViewState":{"showFog":true,"showMaterialUpdate":false,"showSkybox":false,"showFlares":true,"showImageEffects":true,"showParticleSystems":true},"in2DMode":false,"pivot":{"x":-6.620669364929199,"y":0.20952868461608888,"z":2.1657538414001467},"rotation":{"x":0.2123258113861084,"y":-0.3697611391544342,"z":0.08720129728317261,"w":0.9003279209136963},"size":6.386345863342285,"orthographic":false}