{"cameraMode":{"drawMode":0,"name":"Shaded","section":"Shading Mode"},"sceneLighting":false,"audioPlay":false,"sceneViewState":{"showFog":true,"showMaterialUpdate":false,"showSkybox":false,"showFlares":true,"showImageEffects":true,"showParticleSystems":true},"in2DMode":false,"pivot":{"x":-1.9784011840820313,"y":0.385903000831604,"z":10.618555068969727},"rotation":{"x":0.07424890995025635,"y":-0.46991589665412905,"z":0.03970789909362793,"w":0.878686249256134},"size":5.97334098815918,"orthographic":false}