{"cameraMode":{"drawMode":0,"name":"Shaded","section":"Shading Mode"},"sceneLighting":false,"audioPlay":false,"sceneViewState":{"showFog":true,"showMaterialUpdate":false,"showSkybox":false,"showFlares":true,"showImageEffects":true,"showParticleSystems":true},"in2DMode":false,"pivot":{"x":31.891630172729493,"y":-23.4371280670166,"z":-131.00111389160157},"rotation":{"x":-0.006389661692082882,"y":-0.9931512475013733,"z":0.09623892605304718,"w":-0.0659385472536087},"size":143.8976287841797,"orthographic":false}